country_region,date,confirmed_sum,recovered_sum,deaths_sum,New Case
Afghanistan,2020-07-06,33190,20103,898,239
Albania,2020-07-06,2964,1702,79,71
Algeria,2020-07-06,16404,11884,959,463
Andorra,2020-07-06,855,800,52,0
Angola,2020-07-06,346,108,19,0
Antigua and Barbuda,2020-07-06,70,23,3,2
Argentina,2020-07-06,80447,28531,1582,2632
Armenia,2020-07-06,28936,16302,491,330
Australia,2020-07-06,8755,7455,106,172
Austria,2020-07-06,18365,16647,706,85
Azerbaijan,2020-07-06,20837,12182,258,513
Bahamas,2020-07-06,104,89,11,0
Bahrain,2020-07-06,29821,25178,98,454
Bangladesh,2020-07-06,165618,76149,2096,3201
Barbados,2020-07-06,98,90,7,0
Belarus,2020-07-06,63804,51120,429,250
Belgium,2020-07-06,62058,17091,9774,42
Belize,2020-07-06,30,19,2,0
Benin,2020-07-06,1199,333,21,0
Bhutan,2020-07-06,80,53,0,0
Bolivia,2020-07-06,40509,11929,1476,1212
Bosnia and Herzegovina,2020-07-06,5458,2598,199,496
Botswana,2020-07-06,314,31,1,37
Brazil,2020-07-06,1623284,1062542,65487,20229
Brunei,2020-07-06,141,138,3,0
Bulgaria,2020-07-06,5914,3000,250,174
Burkina Faso,2020-07-06,1000,858,53,13
Burma,2020-07-06,316,245,6,3
Burundi,2020-07-06,191,118,1,0
Cabo Verde,2020-07-06,1463,722,17,12
Cambodia,2020-07-06,141,131,0,0
Cameroon,2020-07-06,12592,10100,313,0
Canada,2020-07-06,107815,0,8748,421
Central African Republic,2020-07-06,4033,970,52,64
Chad,2020-07-06,872,787,74,0
Chile,2020-07-06,298557,264378,6384,3025
China,2020-07-06,84889,79725,4641,18
Colombia,2020-07-06,117412,47961,4305,3727
Comoros,2020-07-06,311,266,7,0
Congo (Brazzaville),2020-07-06,1557,501,44,0
Congo (Kinshasa),2020-07-06,7432,3226,182,21
Costa Rica,2020-07-06,5241,1776,23,245
Cote d'Ivoire,2020-07-06,10966,5384,75,194
Croatia,2020-07-06,3220,2210,113,69
Cuba,2020-07-06,2380,2234,86,8
Cyprus,2020-07-06,1004,839,19,1
Czechia,2020-07-06,12566,7873,350,51
Denmark,2020-07-06,13079,12135,607,46
Djibouti,2020-07-06,4822,4610,55,30
Dominica,2020-07-06,18,18,0,0
Dominican Republic,2020-07-06,38128,19489,804,703
Ecuador,2020-07-06,62380,28872,4821,422
Egypt,2020-07-06,76222,21238,3422,969
El Salvador,2020-07-06,8027,4730,223,250
Equatorial Guinea,2020-07-06,3071,842,51,0
Eritrea,2020-07-06,215,56,0,0
Estonia,2020-07-06,1994,1875,69,1
Eswatini,2020-07-06,1011,564,13,23
Ethiopia,2020-07-06,5846,2430,103,0
Fiji,2020-07-06,21,18,0,2
Finland,2020-07-06,7257,6700,329,4
France,2020-07-06,205597,77444,29923,1375
Gabon,2020-07-06,5743,2574,46,123
Gambia,2020-07-06,61,27,3,4
Georgia,2020-07-06,953,830,15,2
Germany,2020-07-06,198064,182160,9022,541
Ghana,2020-07-06,21077,16070,129,992
Greece,2020-07-06,3562,1374,192,43
Grenada,2020-07-06,23,23,0,0
Guatemala,2020-07-06,23972,3429,981,724
Guinea,2020-07-06,5610,4522,34,0
Guinea-Bissau,2020-07-06,1790,760,25,25
Guyana,2020-07-06,273,120,15,0
Haiti,2020-07-06,6371,1824,113,38
Holy See,2020-07-06,12,12,0,0
Honduras,2020-07-06,24665,2585,656,722
Hungary,2020-07-06,4189,2860,589,6
Iceland,2020-07-06,1866,1840,10,3
India,2020-07-06,719664,439934,20159,22251
Indonesia,2020-07-06,64958,29919,3241,1209
Iran,2020-07-06,243051,204083,11731,2613
Iraq,2020-07-06,62275,34741,2567,1796
Ireland,2020-07-06,25531,23364,1741,4
Israel,2020-07-06,30749,18056,334,791
Italy,2020-07-06,241819,192241,34869,208
Jamaica,2020-07-06,737,591,10,5
Japan,2020-07-06,19848,17007,978,180
Jordan,2020-07-06,1167,957,10,3
Kazakhstan,2020-07-06,49683,15860,264,1109
Kenya,2020-07-06,8067,2414,164,181
"Korea, South",2020-07-06,13181,11914,285,44
Kosovo,2020-07-06,3508,1902,75,152
Kuwait,2020-07-06,50644,41001,373,703
Kyrgyzstan,2020-07-06,8141,2916,99,764
Laos,2020-07-06,19,19,0,0
Latvia,2020-07-06,1127,1000,30,3
Lebanon,2020-07-06,1885,1311,36,12
Lesotho,2020-07-06,91,11,0,12
Liberia,2020-07-06,891,377,39,17
Libya,2020-07-06,1117,269,34,71
Liechtenstein,2020-07-06,84,81,1,1
Lithuania,2020-07-06,1841,1547,79,5
Luxembourg,2020-07-06,4542,4016,110,20
Madagascar,2020-07-06,3250,1135,33,309
Malawi,2020-07-06,1742,317,19,129
Malaysia,2020-07-06,8668,8476,121,5
Maldives,2020-07-06,2491,2113,12,23
Mali,2020-07-06,2331,1547,119,1
Malta,2020-07-06,672,652,9,0
Mauritania,2020-07-06,4948,1896,133,69
Mauritius,2020-07-06,342,330,10,1
Mexico,2020-07-06,261750,204826,31119,4902
Moldova,2020-07-06,17906,11047,592,92
Monaco,2020-07-06,108,95,4,0
Mongolia,2020-07-06,225,194,0,5
Montenegro,2020-07-06,841,315,14,60
Morocco,2020-07-06,14379,10173,237,164
Mozambique,2020-07-06,1012,0,8,25
Namibia,2020-07-06,485,25,0,73
Nepal,2020-07-06,15964,6811,35,180
Netherlands,2020-07-06,50870,187,6147,36
New Zealand,2020-07-06,1536,1492,22,2
Nicaragua,2020-07-06,2519,1238,83,0
Niger,2020-07-06,1093,968,68,5
Nigeria,2020-07-06,29286,11828,654,575
North Macedonia,2020-07-06,7124,3199,346,78
Norway,2020-07-06,8936,8138,251,6
Oman,2020-07-06,47735,29146,218,1557
Pakistan,2020-07-06,234509,134957,4839,2691
Panama,2020-07-06,39334,18036,770,1185
Papua New Guinea,2020-07-06,11,8,0,0
Paraguay,2020-07-06,2456,1180,20,29
Peru,2020-07-06,305703,197619,10772,2985
Philippines,2020-07-06,46333,12185,1303,2079
Poland,2020-07-06,36155,23966,1521,205
Portugal,2020-07-06,44129,29166,1620,232
Qatar,2020-07-06,100345,93898,133,546
Romania,2020-07-06,29223,20213,1768,250
Russia,2020-07-06,686852,453570,10280,6569
Rwanda,2020-07-06,1113,575,3,8
Saint Kitts and Nevis,2020-07-06,16,15,0,0
Saint Lucia,2020-07-06,22,19,0,0
Saint Vincent and the Grenadines,2020-07-06,29,29,0,0
San Marino,2020-07-06,698,656,42,0
Sao Tome and Principe,2020-07-06,721,269,13,1
Saudi Arabia,2020-07-06,213716,149634,1968,4207
Senegal,2020-07-06,7478,4870,136,78
Serbia,2020-07-06,16420,13366,317,289
Seychelles,2020-07-06,81,11,0,0
Sierra Leone,2020-07-06,1547,1086,62,5
Singapore,2020-07-06,44983,40717,26,183
Slovakia,2020-07-06,1765,1466,28,1
Slovenia,2020-07-06,1716,1384,111,16
Somalia,2020-07-06,3006,1051,92,9
South Africa,2020-07-06,205721,97848,3310,8971
South Sudan,2020-07-06,2021,333,38,0
Spain,2020-07-06,251789,150376,28388,1244
Sri Lanka,2020-07-06,2077,1917,11,1
Sudan,2020-07-06,9894,4899,616,127
Suriname,2020-07-06,614,315,14,20
Sweden,2020-07-06,73061,0,5433,1642
Switzerland,2020-07-06,32315,29300,1965,47
Syria,2020-07-06,372,0,14,14
Taiwan*,2020-07-06,449,438,7,0
Tajikistan,2020-07-06,6262,4914,53,49
Tanzania,2020-07-06,509,183,21,0
Thailand,2020-07-06,3195,3072,58,5
Timor-Leste,2020-07-06,24,0,0,0
Togo,2020-07-06,680,450,15,0
Trinidad and Tobago,2020-07-06,133,117,8,0
Tunisia,2020-07-06,1199,1049,50,11
Turkey,2020-07-06,206844,182995,5241,1086
Uganda,2020-07-06,953,892,0,14
Ukraine,2020-07-06,50053,22462,1278,585
United Arab Emirates,2020-07-06,52068,40721,324,528
United Kingdom,2020-07-06,287290,1375,44321,359
Uruguay,2020-07-06,960,858,29,4
USA,2020-07-06,2936077,924148,130285,44953
Uzbekistan,2020-07-06,10362,6628,37,342
Venezuela,2020-07-06,7411,2100,68,242
Vietnam,2020-07-06,369,341,0,14
West Bank and Gaza,2020-07-06,4341,491,17,64
Western Sahara,2020-07-06,10,8,1,0
Yemen,2020-07-06,1284,575,345,19
Zambia,2020-07-06,1632,1348,30,0
Zimbabwe,2020-07-06,734,197,9,18
