country_region,date,Confirmed,recovered_sum,deaths_sum,New Case,region,code,year
USA,2020-07-06,2936077,924148,130285,44953,United States,USA,2016
Brazil,2020-07-06,1623284,1062542,65487,20229,Brazil,BRA,2016
India,2020-07-06,719664,439934,20159,22251,India,IND,2016
Russia,2020-07-06,686852,453570,10280,6569,NA,NA,NA
Peru,2020-07-06,305703,197619,10772,2985,Peru,PER,2016
Chile,2020-07-06,298557,264378,6384,3025,Chile,CHL,2016
United Kingdom,2020-07-06,287290,1375,44321,359,United Kingdom,GBR,2016
Mexico,2020-07-06,261750,204826,31119,4902,Mexico,MEX,2016
Spain,2020-07-06,251789,150376,28388,1244,Spain,ESP,2016
Iran,2020-07-06,243051,204083,11731,2613,NA,NA,NA
Italy,2020-07-06,241819,192241,34869,208,Italy,ITA,2016
Pakistan,2020-07-06,234509,134957,4839,2691,Pakistan,PAK,2016
Saudi Arabia,2020-07-06,213716,149634,1968,4207,Saudi Arabia,SAU,2016
Turkey,2020-07-06,206844,182995,5241,1086,Turkey,TUR,2016
South Africa,2020-07-06,205721,97848,3310,8971,South Africa,ZAF,2016
France,2020-07-06,205597,77444,29923,1375,France,FRA,2016
Germany,2020-07-06,198064,182160,9022,541,Germany,DEU,2016
Bangladesh,2020-07-06,165618,76149,2096,3201,Bangladesh,BGD,2016
Colombia,2020-07-06,117412,47961,4305,3727,Colombia,COL,2016
Canada,2020-07-06,107815,0,8748,421,Canada,CAN,2016
Qatar,2020-07-06,100345,93898,133,546,Qatar,QAT,2016
China,2020-07-06,84889,79725,4641,18,China,CHN,2016
Argentina,2020-07-06,80447,28531,1582,2632,Argentina,ARG,2016
Egypt,2020-07-06,76222,21238,3422,969,NA,NA,NA
Sweden,2020-07-06,73061,0,5433,1642,Sweden,SWE,2016
Indonesia,2020-07-06,64958,29919,3241,1209,Indonesia,IDN,2016
Belarus,2020-07-06,63804,51120,429,250,Belarus,BLR,2016
Ecuador,2020-07-06,62380,28872,4821,422,Ecuador,ECU,2016
Iraq,2020-07-06,62275,34741,2567,1796,Iraq,IRQ,2016
Belgium,2020-07-06,62058,17091,9774,42,Belgium,BEL,2016
United Arab Emirates,2020-07-06,52068,40721,324,528,United Arab Emirates,ARE,2016
Netherlands,2020-07-06,50870,187,6147,36,Netherlands,NLD,2016
Kuwait,2020-07-06,50644,41001,373,703,Kuwait,KWT,2016
Ukraine,2020-07-06,50053,22462,1278,585,Ukraine,UKR,2016
Kazakhstan,2020-07-06,49683,15860,264,1109,Kazakhstan,KAZ,2016
Oman,2020-07-06,47735,29146,218,1557,Oman,OMN,2016
Philippines,2020-07-06,46333,12185,1303,2079,Philippines,PHL,2016
Singapore,2020-07-06,44983,40717,26,183,Singapore,SGP,2016
Portugal,2020-07-06,44129,29166,1620,232,Portugal,PRT,2016
Bolivia,2020-07-06,40509,11929,1476,1212,Bolivia,BOL,2016
Panama,2020-07-06,39334,18036,770,1185,Panama,PAN,2016
Dominican Republic,2020-07-06,38128,19489,804,703,Dominican Republic,DOM,2016
Poland,2020-07-06,36155,23966,1521,205,Poland,POL,2016
Afghanistan,2020-07-06,33190,20103,898,239,Afghanistan,AFG,2016
Switzerland,2020-07-06,32315,29300,1965,47,Switzerland,CHE,2016
Israel,2020-07-06,30749,18056,334,791,Israel,ISR,2016
Bahrain,2020-07-06,29821,25178,98,454,Bahrain,BHR,2016
Nigeria,2020-07-06,29286,11828,654,575,Nigeria,NGA,2016
Romania,2020-07-06,29223,20213,1768,250,Romania,ROU,2016
Armenia,2020-07-06,28936,16302,491,330,Armenia,ARM,2016
Ireland,2020-07-06,25531,23364,1741,4,Ireland,IRL,2016
Honduras,2020-07-06,24665,2585,656,722,Honduras,HND,2016
Guatemala,2020-07-06,23972,3429,981,724,Guatemala,GTM,2016
Ghana,2020-07-06,21077,16070,129,992,Ghana,GHA,2016
Azerbaijan,2020-07-06,20837,12182,258,513,Azerbaijan,AZE,2016
Japan,2020-07-06,19848,17007,978,180,Japan,JPN,2016
Austria,2020-07-06,18365,16647,706,85,Austria,AUT,2016
Moldova,2020-07-06,17906,11047,592,92,Moldova,MDA,2016
Serbia,2020-07-06,16420,13366,317,289,Serbia,SRB,2016
Algeria,2020-07-06,16404,11884,959,463,Algeria,DZA,2016
Nepal,2020-07-06,15964,6811,35,180,Nepal,NPL,2016
Morocco,2020-07-06,14379,10173,237,164,Morocco,MAR,2016
"Korea, South",2020-07-06,13181,11914,285,44,NA,NA,NA
Denmark,2020-07-06,13079,12135,607,46,Denmark,DNK,2016
Cameroon,2020-07-06,12592,10100,313,0,Cameroon,CMR,2016
Czechia,2020-07-06,12566,7873,350,51,Czech Republic,CZE,2016
Cote d'Ivoire,2020-07-06,10966,5384,75,194,Cote d'Ivoire,CIV,2016
Uzbekistan,2020-07-06,10362,6628,37,342,Uzbekistan,UZB,2016
Sudan,2020-07-06,9894,4899,616,127,Sudan,SDN,2016
Norway,2020-07-06,8936,8138,251,6,Norway,NOR,2016
Australia,2020-07-06,8755,7455,106,172,Australia,AUS,2016
Malaysia,2020-07-06,8668,8476,121,5,Malaysia,MYS,2016
Kyrgyzstan,2020-07-06,8141,2916,99,764,NA,NA,NA
Kenya,2020-07-06,8067,2414,164,181,Kenya,KEN,2016
El Salvador,2020-07-06,8027,4730,223,250,El Salvador,SLV,2016
Senegal,2020-07-06,7478,4870,136,78,Senegal,SEN,2016
Congo (Kinshasa),2020-07-06,7432,3226,182,21,"Congo, Dem. Rep.",COD,2016
Venezuela,2020-07-06,7411,2100,68,242,NA,NA,NA
Finland,2020-07-06,7257,6700,329,4,Finland,FIN,2016
North Macedonia,2020-07-06,7124,3199,346,78,"Macedonia, FYR",MKD,2016
Haiti,2020-07-06,6371,1824,113,38,Haiti,HTI,2016
Tajikistan,2020-07-06,6262,4914,53,49,Tajikistan,TJK,2016
Bulgaria,2020-07-06,5914,3000,250,174,Bulgaria,BGR,2016
Ethiopia,2020-07-06,5846,2430,103,0,Ethiopia,ETH,2016
Gabon,2020-07-06,5743,2574,46,123,Gabon,GAB,2016
Guinea,2020-07-06,5610,4522,34,0,Guinea,GIN,2016
Bosnia and Herzegovina,2020-07-06,5458,2598,199,496,Bosnia and Herzegovina,BIH,2016
Costa Rica,2020-07-06,5241,1776,23,245,Costa Rica,CRI,2016
Mauritania,2020-07-06,4948,1896,133,69,Mauritania,MRT,2016
Djibouti,2020-07-06,4822,4610,55,30,NA,NA,NA
Luxembourg,2020-07-06,4542,4016,110,20,Luxembourg,LUX,2016
West Bank and Gaza,2020-07-06,4341,491,17,64,West Bank and Gaza,PSE,2016
Hungary,2020-07-06,4189,2860,589,6,Hungary,HUN,2016
Central African Republic,2020-07-06,4033,970,52,64,Central African Republic,CAF,2016
Greece,2020-07-06,3562,1374,192,43,Greece,GRC,2016
Kosovo,2020-07-06,3508,1902,75,152,Kosovo,XKX,2016
Madagascar,2020-07-06,3250,1135,33,309,Madagascar,MDG,2016
Croatia,2020-07-06,3220,2210,113,69,Croatia,HRV,2016
Thailand,2020-07-06,3195,3072,58,5,Thailand,THA,2016
Equatorial Guinea,2020-07-06,3071,842,51,0,Equatorial Guinea,GNQ,2016
Somalia,2020-07-06,3006,1051,92,9,Somalia,SOM,2016
Albania,2020-07-06,2964,1702,79,71,Albania,ALB,2016
Nicaragua,2020-07-06,2519,1238,83,0,Nicaragua,NIC,2016
Maldives,2020-07-06,2491,2113,12,23,Maldives,MDV,2016
Paraguay,2020-07-06,2456,1180,20,29,Paraguay,PRY,2016
Cuba,2020-07-06,2380,2234,86,8,NA,NA,NA
Mali,2020-07-06,2331,1547,119,1,Mali,MLI,2016
Sri Lanka,2020-07-06,2077,1917,11,1,Sri Lanka,LKA,2016
South Sudan,2020-07-06,2021,333,38,0,NA,NA,NA
Estonia,2020-07-06,1994,1875,69,1,Estonia,EST,2016
Lebanon,2020-07-06,1885,1311,36,12,Lebanon,LBN,2016
Iceland,2020-07-06,1866,1840,10,3,Iceland,ISL,2016
Lithuania,2020-07-06,1841,1547,79,5,Lithuania,LTU,2016
Guinea-Bissau,2020-07-06,1790,760,25,25,Guinea-Bissau,GNB,2016
Slovakia,2020-07-06,1765,1466,28,1,NA,NA,NA
Malawi,2020-07-06,1742,317,19,129,Malawi,MWI,2016
Slovenia,2020-07-06,1716,1384,111,16,Slovenia,SVN,2016
Zambia,2020-07-06,1632,1348,30,0,Zambia,ZMB,2016
Congo (Brazzaville),2020-07-06,1557,501,44,0,"Congo, Rep.",COG,2016
Sierra Leone,2020-07-06,1547,1086,62,5,Sierra Leone,SLE,2016
New Zealand,2020-07-06,1536,1492,22,2,New Zealand,NZL,2016
Cabo Verde,2020-07-06,1463,722,17,12,Cabo Verde,CPV,2016
Yemen,2020-07-06,1284,575,345,19,NA,NA,NA
Benin,2020-07-06,1199,333,21,0,Benin,BEN,2016
Tunisia,2020-07-06,1199,1049,50,11,Tunisia,TUN,2016
Jordan,2020-07-06,1167,957,10,3,Jordan,JOR,2016
Latvia,2020-07-06,1127,1000,30,3,Latvia,LVA,2016
Libya,2020-07-06,1117,269,34,71,NA,NA,NA
Rwanda,2020-07-06,1113,575,3,8,Rwanda,RWA,2016
Niger,2020-07-06,1093,968,68,5,Niger,NER,2016
Mozambique,2020-07-06,1012,0,8,25,Mozambique,MOZ,2016
Eswatini,2020-07-06,1011,564,13,23,Swaziland,SWZ,2016
Cyprus,2020-07-06,1004,839,19,1,Cyprus,CYP,2016
Burkina Faso,2020-07-06,1000,858,53,13,Burkina Faso,BFA,2016
Uruguay,2020-07-06,960,858,29,4,Uruguay,URY,2016
Georgia,2020-07-06,953,830,15,2,Georgia,GEO,2016
Uganda,2020-07-06,953,892,0,14,Uganda,UGA,2016
Liberia,2020-07-06,891,377,39,17,Liberia,LBR,2016
Chad,2020-07-06,872,787,74,0,Chad,TCD,2016
Andorra,2020-07-06,855,800,52,0,Andorra,AND,2016
Montenegro,2020-07-06,841,315,14,60,Montenegro,MNE,2016
Jamaica,2020-07-06,737,591,10,5,Jamaica,JAM,2016
Zimbabwe,2020-07-06,734,197,9,18,Zimbabwe,ZWE,2016
Sao Tome and Principe,2020-07-06,721,269,13,1,Sao Tome and Principe,STP,2016
San Marino,2020-07-06,698,656,42,0,San Marino,SMR,2016
Togo,2020-07-06,680,450,15,0,Togo,TGO,2016
Malta,2020-07-06,672,652,9,0,Malta,MLT,2016
Suriname,2020-07-06,614,315,14,20,Suriname,SUR,2016
Tanzania,2020-07-06,509,183,21,0,Tanzania,TZA,2016
Namibia,2020-07-06,485,25,0,73,Namibia,NAM,2016
Taiwan*,2020-07-06,449,438,7,0,NA,NA,NA
Syria,2020-07-06,372,0,14,14,NA,NA,NA
Vietnam,2020-07-06,369,341,0,14,Vietnam,VNM,2016
Angola,2020-07-06,346,108,19,0,Angola,AGO,2016
Mauritius,2020-07-06,342,330,10,1,Mauritius,MUS,2016
Burma,2020-07-06,316,245,6,3,NA,NA,NA
Botswana,2020-07-06,314,31,1,37,Botswana,BWA,2016
Comoros,2020-07-06,311,266,7,0,Comoros,COM,2016
Guyana,2020-07-06,273,120,15,0,Guyana,GUY,2016
Mongolia,2020-07-06,225,194,0,5,Mongolia,MNG,2016
Eritrea,2020-07-06,215,56,0,0,NA,NA,NA
Burundi,2020-07-06,191,118,1,0,Burundi,BDI,2016
Brunei,2020-07-06,141,138,3,0,NA,NA,NA
Cambodia,2020-07-06,141,131,0,0,Cambodia,KHM,2016
Trinidad and Tobago,2020-07-06,133,117,8,0,Trinidad and Tobago,TTO,2016
Monaco,2020-07-06,108,95,4,0,NA,NA,NA
Bahamas,2020-07-06,104,89,11,0,"Bahamas, The",BHS,2016
Barbados,2020-07-06,98,90,7,0,Barbados,BRB,2016
Lesotho,2020-07-06,91,11,0,12,Lesotho,LSO,2016
Liechtenstein,2020-07-06,84,81,1,1,NA,NA,NA
Seychelles,2020-07-06,81,11,0,0,Seychelles,SYC,2016
Bhutan,2020-07-06,80,53,0,0,Bhutan,BTN,2016
Antigua and Barbuda,2020-07-06,70,23,3,2,Antigua and Barbuda,ATG,2016
Gambia,2020-07-06,61,27,3,4,"Gambia, The",GMB,2016
Belize,2020-07-06,30,19,2,0,Belize,BLZ,2016
Saint Vincent and the Grenadines,2020-07-06,29,29,0,0,NA,NA,NA
Timor-Leste,2020-07-06,24,0,0,0,Timor-Leste,TLS,2016
Grenada,2020-07-06,23,23,0,0,Grenada,GRD,2016
Saint Lucia,2020-07-06,22,19,0,0,NA,NA,NA
Fiji,2020-07-06,21,18,0,2,Fiji,FJI,2016
Laos,2020-07-06,19,19,0,0,NA,NA,NA
Dominica,2020-07-06,18,18,0,0,Dominica,DMA,2016
Saint Kitts and Nevis,2020-07-06,16,15,0,0,NA,NA,NA
Holy See,2020-07-06,12,12,0,0,NA,NA,NA
Papua New Guinea,2020-07-06,11,8,0,0,Papua New Guinea,PNG,2016
Western Sahara,2020-07-06,10,8,1,0,NA,NA,NA
